"pk","id","username","full_name","profile_pic_url","is_private","is_verified","profile_url"
"725139311","725139311","jeffbuckalew","Jeff Buckalew","https://scontent-fra5-2.cdninstagram.com/v/t51.2885-19/131920840_750187042371751_238254110186312787_n.jpg?stp=dst-jpg_e0_s150x150_tt6&_nc_ht=scontent-fra5-2.cdninstagram.com&_nc_cat=107&_nc_oc=Q6cZ2QEut_SSBHEIFkdpnQ-o4t67wx-bjr_FstOGCDo8SD0dujx-kYX0ohkp3tzAKLXhC_k&_nc_ohc=3tKZKYGWE2EQ7kNvgHBETqU&_nc_gid=ZaNnJkVy7cTckYkMXzUb1w&edm=AKmAybEBAAAA&ccb=7-5&oh=00_AYHQoP09OiXGphFaR9hW9wtGeL2EmDZqxxprkcg6bg40cA&oe=67EE79EC&_nc_sid=99328a","false","false","https://www.instagram.com/jeffbuckalew"
"56686720283","56686720283","miami_celtic_supporters_club","Miami Celtic Supporters Club","https://scontent-fra5-2.cdninstagram.com/v/t51.2885-19/474639942_614680554749239_963822152840199767_n.jpg?stp=dst-jpg_e0_s150x150_tt6&_nc_ht=scontent-fra5-2.cdninstagram.com&_nc_cat=107&_nc_oc=Q6cZ2QEut_SSBHEIFkdpnQ-o4t67wx-bjr_FstOGCDo8SD0dujx-kYX0ohkp3tzAKLXhC_k&_nc_ohc=NUyhHZvdmCsQ7kNvgFFI65b&_nc_gid=ZaNnJkVy7cTckYkMXzUb1w&edm=AKmAybEBAAAA&ccb=7-5&oh=00_AYHHAeSVck1G21hpQN-z_rTKkNTXBMhjTXV3WZyoukN8-Q&oe=67EEA75D&_nc_sid=99328a","false","false","https://www.instagram.com/miami_celtic_supporters_club"
"233285576","233285576","25blondeambition","Victoria Legra","https://scontent-fra5-1.cdninstagram.com/v/t51.2885-19/403756281_1078056856546610_2579657155710672121_n.jpg?stp=dst-jpg_e0_s150x150_tt6&_nc_ht=scontent-fra5-1.cdninstagram.com&_nc_cat=102&_nc_oc=Q6cZ2QEut_SSBHEIFkdpnQ-o4t67wx-bjr_FstOGCDo8SD0dujx-kYX0ohkp3tzAKLXhC_k&_nc_ohc=BYCw3eWcM-oQ7kNvgHQBjQz&_nc_gid=ZaNnJkVy7cTckYkMXzUb1w&edm=AKmAybEBAAAA&ccb=7-5&oh=00_AYFgNc1WIPJqhWWMG1FQAy8ZymGsXrrr4rBnYE5eDv2qLQ&oe=67EE931F&_nc_sid=99328a","false","false","https://www.instagram.com/25blondeambition"
"31943112849","31943112849","waterplant_band","Waterplant","https://scontent-fra5-2.cdninstagram.com/v/t51.2885-19/366441130_274579435296391_8561934256910141720_n.jpg?stp=dst-jpg_e0_s150x150_tt6&_nc_ht=scontent-fra5-2.cdninstagram.com&_nc_cat=107&_nc_oc=Q6cZ2QEut_SSBHEIFkdpnQ-o4t67wx-bjr_FstOGCDo8SD0dujx-kYX0ohkp3tzAKLXhC_k&_nc_ohc=JV47Wf6K1YMQ7kNvgFRxh0i&_nc_gid=ZaNnJkVy7cTckYkMXzUb1w&edm=AKmAybEBAAAA&ccb=7-5&oh=00_AYHbvez4pvFK7FuFKtNvj4dvtrdgiSbHHTI0bYwJzWcyLQ&oe=67EE98BE&_nc_sid=99328a","false","false","https://www.instagram.com/waterplant_band"
"62366526662","62366526662","aulddubsmiami","The Auld Dubliner Events ☘️🇮🇪🍻","https://scontent-fra5-1.cdninstagram.com/v/t51.2885-19/396796282_6843774292335590_6236381474214445427_n.jpg?stp=dst-jpg_e0_s150x150_tt6&_nc_ht=scontent-fra5-1.cdninstagram.com&_nc_cat=102&_nc_oc=Q6cZ2QEut_SSBHEIFkdpnQ-o4t67wx-bjr_FstOGCDo8SD0dujx-kYX0ohkp3tzAKLXhC_k&_nc_ohc=M8FhPzlwcmEQ7kNvgHExNYX&_nc_gid=ZaNnJkVy7cTckYkMXzUb1w&edm=AKmAybEBAAAA&ccb=7-5&oh=00_AYECUL7lKnp7ACH1qvaQ6wIwiRNmQAj4Wid0NsHklKA21g&oe=67EEAAE9&_nc_sid=99328a","false","false","https://www.instagram.com/aulddubsmiami"
"6394219159","6394219159","lukejeffjames","luke james","https://scontent-fra3-1.cdninstagram.com/v/t51.2885-19/486398935_2055478568286855_7390822093811290035_n.jpg?stp=dst-jpg_e0_s150x150_tt6&_nc_ht=scontent-fra3-1.cdninstagram.com&_nc_cat=103&_nc_oc=Q6cZ2QEut_SSBHEIFkdpnQ-o4t67wx-bjr_FstOGCDo8SD0dujx-kYX0ohkp3tzAKLXhC_k&_nc_ohc=-x0uFQr7SpUQ7kNvgEWszOK&_nc_gid=ZaNnJkVy7cTckYkMXzUb1w&edm=AKmAybEBAAAA&ccb=7-5&oh=00_AYHvURKxoJYJIaYP1cjRkSHD65eIjFlnk5XjH0sU-h16sw&oe=67EE8CE5&_nc_sid=99328a","false","false","https://www.instagram.com/lukejeffjames"
"13273507","13273507","samjames.jpeg","sam","https://scontent-fra3-2.cdninstagram.com/v/t51.2885-19/459734648_505614505512467_7999647532255766876_n.jpg?stp=dst-jpg_e0_s150x150_tt6&_nc_ht=scontent-fra3-2.cdninstagram.com&_nc_cat=111&_nc_oc=Q6cZ2QEut_SSBHEIFkdpnQ-o4t67wx-bjr_FstOGCDo8SD0dujx-kYX0ohkp3tzAKLXhC_k&_nc_ohc=M0h_KM2Ak7sQ7kNvgEBavs-&_nc_gid=ZaNnJkVy7cTckYkMXzUb1w&edm=AKmAybEBAAAA&ccb=7-5&oh=00_AYHhKC7zy7-zzttE9vYcG2-W-hrFJYbmxagA7satYdXKhw&oe=67EE9935&_nc_sid=99328a","false","false","https://www.instagram.com/samjames.jpeg"
"67227462363","67227462363","psychologicalnoise","ᴅᴀɴᴛᴇ","https://scontent-fra5-2.cdninstagram.com/v/t51.2885-19/472464130_969206785106946_6197115083513081686_n.jpg?stp=dst-jpg_e0_s150x150_tt6&_nc_ht=scontent-fra5-2.cdninstagram.com&_nc_cat=106&_nc_oc=Q6cZ2QEut_SSBHEIFkdpnQ-o4t67wx-bjr_FstOGCDo8SD0dujx-kYX0ohkp3tzAKLXhC_k&_nc_ohc=jcP2ZJy201gQ7kNvgG9xh-C&_nc_gid=ZaNnJkVy7cTckYkMXzUb1w&edm=AKmAybEBAAAA&ccb=7-5&oh=00_AYHqfOOaJG77BLPYSSqu4LZZDtYuqi7vEenMyTdyiIGxrw&oe=67EE9B5F&_nc_sid=99328a","false","false","https://www.instagram.com/psychologicalnoise"
"1814551449","1814551449","jamlife_crew","Jam Life","https://scontent-fra3-1.cdninstagram.com/v/t51.2885-19/472973892_1669202757287151_7838725477877708199_n.jpg?stp=dst-jpg_e0_s150x150_tt6&_nc_ht=scontent-fra3-1.cdninstagram.com&_nc_cat=103&_nc_oc=Q6cZ2QEut_SSBHEIFkdpnQ-o4t67wx-bjr_FstOGCDo8SD0dujx-kYX0ohkp3tzAKLXhC_k&_nc_ohc=Gq2uXePoWEwQ7kNvgHXAHyv&_nc_gid=ZaNnJkVy7cTckYkMXzUb1w&edm=AKmAybEBAAAA&ccb=7-5&oh=00_AYFyuWvewJWGV_9ZG6ZSVTWABElb2DBa0UvOHgtObyf-0Q&oe=67EE7B09&_nc_sid=99328a","false","false","https://www.instagram.com/jamlife_crew"
"60428984579","60428984579","miamicityzens","Miami Cityzens- Man City Miami OSC","https://scontent-fra5-2.cdninstagram.com/v/t51.2885-19/368729239_610949214553425_1189040783973936275_n.jpg?stp=dst-jpg_e0_s150x150_tt6&_nc_ht=scontent-fra5-2.cdninstagram.com&_nc_cat=109&_nc_oc=Q6cZ2QEut_SSBHEIFkdpnQ-o4t67wx-bjr_FstOGCDo8SD0dujx-kYX0ohkp3tzAKLXhC_k&_nc_ohc=9XkXC-VfX6QQ7kNvgFLzkfD&_nc_gid=ZaNnJkVy7cTckYkMXzUb1w&edm=AKmAybEBAAAA&ccb=7-5&oh=00_AYHPZ8aUIUTlpzvxaa_zVH3yNx2Z_znjh6J88CNysBUpKg&oe=67EEAE0C&_nc_sid=99328a","false","false","https://www.instagram.com/miamicityzens"
"56488187577","56488187577","alternative.mia","Alt Mia","https://scontent-fra5-2.cdninstagram.com/v/t51.2885-19/481877898_983151989981037_2460939594087029597_n.jpg?stp=dst-jpg_e0_s150x150_tt6&_nc_ht=scontent-fra5-2.cdninstagram.com&_nc_cat=109&_nc_oc=Q6cZ2QEut_SSBHEIFkdpnQ-o4t67wx-bjr_FstOGCDo8SD0dujx-kYX0ohkp3tzAKLXhC_k&_nc_ohc=6nB5x2M2KJ4Q7kNvgE7MB5T&_nc_gid=ZaNnJkVy7cTckYkMXzUb1w&edm=AKmAybEBAAAA&ccb=7-5&oh=00_AYFrF0T2O0xf9dPhX-4Acf6zjYNzGKIDBckdT9wF0UIzBQ&oe=67EE881C&_nc_sid=99328a","false","false","https://www.instagram.com/alternative.mia"
"3397130","3397130","ravermouse","Mauricio Perez","https://scontent-fra3-1.cdninstagram.com/v/t51.2885-19/10894997_973830219346700_396428456_a.jpg?stp=dst-jpg_e0_s150x150_tt6&_nc_ht=scontent-fra3-1.cdninstagram.com&_nc_cat=108&_nc_oc=Q6cZ2QEut_SSBHEIFkdpnQ-o4t67wx-bjr_FstOGCDo8SD0dujx-kYX0ohkp3tzAKLXhC_k&_nc_ohc=Tq5LTzvtzuUQ7kNvgG4Y38B&_nc_gid=ZaNnJkVy7cTckYkMXzUb1w&edm=AKmAybEBAAAA&ccb=7-5&oh=00_AYFFeHloKLcQTUucpgBoGrFKMBvCEeWc5q29PYYxwB-HYQ&oe=67EEAD36&_nc_sid=99328a","false","false","https://www.instagram.com/ravermouse"
"184656998","184656998","emilytimberman","Emily Timberman","https://scontent-fra5-2.cdninstagram.com/v/t51.2885-19/463825554_1052810933060563_5069580946034446025_n.jpg?stp=dst-jpg_e0_s150x150_tt6&_nc_ht=scontent-fra5-2.cdninstagram.com&_nc_cat=107&_nc_oc=Q6cZ2QEut_SSBHEIFkdpnQ-o4t67wx-bjr_FstOGCDo8SD0dujx-kYX0ohkp3tzAKLXhC_k&_nc_ohc=zBOgvGx0BWQQ7kNvgE6yjYX&_nc_gid=ZaNnJkVy7cTckYkMXzUb1w&edm=AKmAybEBAAAA&ccb=7-5&oh=00_AYFEOQOIwUvlWoh7KhloUQ9ivR2B8B36xk1wgTB-DZMbFA&oe=67EE9CA5&_nc_sid=99328a","false","false","https://www.instagram.com/emilytimberman"
"11544624483","11544624483","sao_rez","Jim Horton","https://scontent-fra5-1.cdninstagram.com/v/t51.2885-19/431086082_275636495557848_5337773604758573629_n.jpg?stp=dst-jpg_e0_s150x150_tt6&_nc_ht=scontent-fra5-1.cdninstagram.com&_nc_cat=100&_nc_oc=Q6cZ2QEut_SSBHEIFkdpnQ-o4t67wx-bjr_FstOGCDo8SD0dujx-kYX0ohkp3tzAKLXhC_k&_nc_ohc=6ljgGzYHDxAQ7kNvgGLFSrP&_nc_gid=ZaNnJkVy7cTckYkMXzUb1w&edm=AKmAybEBAAAA&ccb=7-5&oh=00_AYHMcz-wvXDx5j72FgCykv0MS_KKSpseNu8liD2w1awyIw&oe=67EE8541&_nc_sid=99328a","false","false","https://www.instagram.com/sao_rez"
"27895223549","27895223549","hopped_adventures","Hopped Adventures","https://scontent-fra5-2.cdninstagram.com/v/t51.2885-19/274152721_1031641444233969_1509532349191311293_n.jpg?stp=dst-jpg_e0_s150x150_tt6&_nc_ht=scontent-fra5-2.cdninstagram.com&_nc_cat=109&_nc_oc=Q6cZ2QEut_SSBHEIFkdpnQ-o4t67wx-bjr_FstOGCDo8SD0dujx-kYX0ohkp3tzAKLXhC_k&_nc_ohc=9XUVlh5EhfMQ7kNvgFYQcBV&_nc_gid=ZaNnJkVy7cTckYkMXzUb1w&edm=AKmAybEBAAAA&ccb=7-5&oh=00_AYG0asixthxe9Yix-8e2l72PRFU2A93zv9fGnOjgUTIVeA&oe=67EE9EEF&_nc_sid=99328a","false","false","https://www.instagram.com/hopped_adventures"
"72551445215","72551445215","kailili.li","Kaili Li","https://scontent-fra3-2.cdninstagram.com/v/t51.2885-19/476813910_639678475415380_4960192954660181770_n.jpg?stp=dst-jpg_e0_s150x150_tt6&_nc_ht=scontent-fra3-2.cdninstagram.com&_nc_cat=104&_nc_oc=Q6cZ2QEut_SSBHEIFkdpnQ-o4t67wx-bjr_FstOGCDo8SD0dujx-kYX0ohkp3tzAKLXhC_k&_nc_ohc=1SK99-YKSMgQ7kNvgGlU35F&_nc_gid=ZaNnJkVy7cTckYkMXzUb1w&edm=AKmAybEBAAAA&ccb=7-5&oh=00_AYHJR4Pxk6GYOvd86YrtZz6BihZc5TGjK2ZwpbQ-j4dqfA&oe=67EE7A91&_nc_sid=99328a","false","false","https://www.instagram.com/kailili.li"
"389127642","389127642","peoplecallmedre","Andres Dimitri","https://scontent-fra3-1.cdninstagram.com/v/t51.2885-19/476131653_1348156346631265_198876432062291969_n.jpg?stp=dst-jpg_e0_s150x150_tt6&_nc_ht=scontent-fra3-1.cdninstagram.com&_nc_cat=101&_nc_oc=Q6cZ2QEut_SSBHEIFkdpnQ-o4t67wx-bjr_FstOGCDo8SD0dujx-kYX0ohkp3tzAKLXhC_k&_nc_ohc=1FXyvelU1nkQ7kNvgFxQvyZ&_nc_gid=ZaNnJkVy7cTckYkMXzUb1w&edm=AKmAybEBAAAA&ccb=7-5&oh=00_AYGE5xfl9QjYKmZtwaNfE3AML8eADAvErHe4-uymlB19yA&oe=67EE93AE&_nc_sid=99328a","false","false","https://www.instagram.com/peoplecallmedre"
"314895586","314895586","brewoodphil","","https://scontent-fra3-1.cdninstagram.com/v/t51.2885-19/13694963_887986861329493_1442906557_a.jpg?stp=dst-jpg_e0_s150x150_tt6&_nc_ht=scontent-fra3-1.cdninstagram.com&_nc_cat=101&_nc_oc=Q6cZ2QEut_SSBHEIFkdpnQ-o4t67wx-bjr_FstOGCDo8SD0dujx-kYX0ohkp3tzAKLXhC_k&_nc_ohc=4OMqb-36D_QQ7kNvgGlar2r&_nc_gid=ZaNnJkVy7cTckYkMXzUb1w&edm=AKmAybEBAAAA&ccb=7-5&oh=00_AYG0ZZ4d7k9KcbFxiIss449wrV55PxrawOeTiGqUH1MfCw&oe=67EEA9C3&_nc_sid=99328a","false","false","https://www.instagram.com/brewoodphil"
"49847520788","49847520788","genoaclubmiami","Genoa Club Miami","https://scontent-fra3-2.cdninstagram.com/v/t51.2885-19/245368267_239354658065608_500053135280324569_n.jpg?stp=dst-jpg_e0_s150x150_tt6&_nc_ht=scontent-fra3-2.cdninstagram.com&_nc_cat=104&_nc_oc=Q6cZ2QEut_SSBHEIFkdpnQ-o4t67wx-bjr_FstOGCDo8SD0dujx-kYX0ohkp3tzAKLXhC_k&_nc_ohc=Cag4NN5yUpAQ7kNvgH_3TbW&_nc_gid=ZaNnJkVy7cTckYkMXzUb1w&edm=AKmAybEBAAAA&ccb=7-5&oh=00_AYFr8T0CttSCQhg1VBH87rpUsFtb11p2SazL1Q89Telwtg&oe=67EE9A3B&_nc_sid=99328a","false","false","https://www.instagram.com/genoaclubmiami"
"834847439","834847439","faybags","Bruce Kelley","https://scontent-fra3-1.cdninstagram.com/v/t51.2885-19/487472341_3937922279781548_7253821241454231001_n.jpg?stp=dst-jpg_e0_s150x150_tt6&_nc_ht=scontent-fra3-1.cdninstagram.com&_nc_cat=108&_nc_oc=Q6cZ2QEut_SSBHEIFkdpnQ-o4t67wx-bjr_FstOGCDo8SD0dujx-kYX0ohkp3tzAKLXhC_k&_nc_ohc=YdrMvSfHo3QQ7kNvgGo2zFO&_nc_gid=ZaNnJkVy7cTckYkMXzUb1w&edm=AKmAybEBAAAA&ccb=7-5&oh=00_AYGUmqsmQdpS55gxyDwK47fob-P57Q6S3QskBGhjAHCJYg&oe=67EE94C4&_nc_sid=99328a","false","false","https://www.instagram.com/faybags"
"5861891203","5861891203","clubm2002","Max Ryan","https://scontent-fra3-2.cdninstagram.com/v/t51.2885-19/474964891_1250715726012491_8432842767273075340_n.jpg?stp=dst-jpg_e0_s150x150_tt6&_nc_ht=scontent-fra3-2.cdninstagram.com&_nc_cat=111&_nc_oc=Q6cZ2QEut_SSBHEIFkdpnQ-o4t67wx-bjr_FstOGCDo8SD0dujx-kYX0ohkp3tzAKLXhC_k&_nc_ohc=ziSsgMecxCwQ7kNvgFVZ-54&_nc_gid=ZaNnJkVy7cTckYkMXzUb1w&edm=AKmAybEBAAAA&ccb=7-5&oh=00_AYEOzS7EDed-UnIW3uRTp3F4FFu6htr2rq5uJYr8zxEmhQ&oe=67EEA9B5&_nc_sid=99328a","false","false","https://www.instagram.com/clubm2002"
"71404872197","71404872197","shirley.l.i","","https://scontent-fra3-1.cdninstagram.com/v/t51.2885-19/470946229_1125690949195700_8938396374371286384_n.jpg?stp=dst-jpg_e0_s150x150_tt6&_nc_ht=scontent-fra3-1.cdninstagram.com&_nc_cat=108&_nc_oc=Q6cZ2QEut_SSBHEIFkdpnQ-o4t67wx-bjr_FstOGCDo8SD0dujx-kYX0ohkp3tzAKLXhC_k&_nc_ohc=v4vTDjsf8jYQ7kNvgF6mN7n&_nc_gid=ZaNnJkVy7cTckYkMXzUb1w&edm=AKmAybEBAAAA&ccb=7-5&oh=00_AYH_6xyxgvz3HK_K43MpsMq8eZZHc6qE_hWogMhGMHaXlQ&oe=67EE8EF8&_nc_sid=99328a","false","false","https://www.instagram.com/shirley.l.i"
"71402569657","71402569657","snow1.k","Shirley","https://scontent-fra5-2.cdninstagram.com/v/t51.2885-19/470944478_1267163447876805_5383158965735353834_n.jpg?stp=dst-jpg_e0_s150x150_tt6&_nc_ht=scontent-fra5-2.cdninstagram.com&_nc_cat=109&_nc_oc=Q6cZ2QEut_SSBHEIFkdpnQ-o4t67wx-bjr_FstOGCDo8SD0dujx-kYX0ohkp3tzAKLXhC_k&_nc_ohc=SD8VtdjWyCwQ7kNvgHP6rwB&_nc_gid=ZaNnJkVy7cTckYkMXzUb1w&edm=AKmAybEBAAAA&ccb=7-5&oh=00_AYHll3GYe7QBM2nF3wSaLLr58fkrjsOpY2Qhf1RijMcRMw&oe=67EE95A5&_nc_sid=99328a","false","false","https://www.instagram.com/snow1.k"
"514830425","514830425","therealpartyjesus","James Tunedup","https://scontent-fra3-1.cdninstagram.com/v/t51.2885-19/486746327_1354580405686969_1095962211152350018_n.jpg?stp=dst-jpg_e0_s150x150_tt6&_nc_ht=scontent-fra3-1.cdninstagram.com&_nc_cat=101&_nc_oc=Q6cZ2QEut_SSBHEIFkdpnQ-o4t67wx-bjr_FstOGCDo8SD0dujx-kYX0ohkp3tzAKLXhC_k&_nc_ohc=S4qo6rVsRpIQ7kNvgFMgHsW&_nc_gid=ZaNnJkVy7cTckYkMXzUb1w&edm=AKmAybEBAAAA&ccb=7-5&oh=00_AYEbrz6KEEdW0GUnGr4xQzL69h8qLuWWPi5JC90ZcigijQ&oe=67EE9357&_nc_sid=99328a","false","false","https://www.instagram.com/therealpartyjesus"
"272906065","272906065","wvduce","Brian Miller","https://scontent-fra3-1.cdninstagram.com/v/t51.2885-19/483132572_1164324181277931_2992393982634825210_n.jpg?stp=dst-jpg_e0_s150x150_tt6&_nc_ht=scontent-fra3-1.cdninstagram.com&_nc_cat=103&_nc_oc=Q6cZ2QEut_SSBHEIFkdpnQ-o4t67wx-bjr_FstOGCDo8SD0dujx-kYX0ohkp3tzAKLXhC_k&_nc_ohc=LKlxb1q5s5UQ7kNvgHOdRQY&_nc_gid=ZaNnJkVy7cTckYkMXzUb1w&edm=AKmAybEBAAAA&ccb=7-5&oh=00_AYH4XTuAOaYgHre47lF5DZDB9nt_2qUZRnXTSh95UTjIZw&oe=67EE7A2E&_nc_sid=99328a","false","false","https://www.instagram.com/wvduce"
"5847769537","5847769537","southfl_blues","Chelsea FC - Miami Supporters","https://scontent-fra3-1.cdninstagram.com/v/t51.2885-19/208204253_2683764141915289_1072273026111531457_n.jpg?stp=dst-jpg_e0_s150x150_tt6&_nc_ht=scontent-fra3-1.cdninstagram.com&_nc_cat=101&_nc_oc=Q6cZ2QEut_SSBHEIFkdpnQ-o4t67wx-bjr_FstOGCDo8SD0dujx-kYX0ohkp3tzAKLXhC_k&_nc_ohc=47Xm-a3QjSEQ7kNvgGTkipb&_nc_gid=ZaNnJkVy7cTckYkMXzUb1w&edm=AKmAybEBAAAA&ccb=7-5&oh=00_AYHlYyH1IWaRngKtgfnRJct9djUMl57EvRrC2DQsGgsAaQ&oe=67EE9671&_nc_sid=99328a","false","false","https://www.instagram.com/southfl_blues"
"48584466879","48584466879","greatbigtrivia","Great Big Trivia","https://scontent-fra3-2.cdninstagram.com/v/t51.2885-19/226593181_1168836633616271_645239116073337047_n.jpg?stp=dst-jpg_e0_s150x150_tt6&_nc_ht=scontent-fra3-2.cdninstagram.com&_nc_cat=111&_nc_oc=Q6cZ2QEut_SSBHEIFkdpnQ-o4t67wx-bjr_FstOGCDo8SD0dujx-kYX0ohkp3tzAKLXhC_k&_nc_ohc=iHl5mNdK-YcQ7kNvgHwtY1u&_nc_gid=ZaNnJkVy7cTckYkMXzUb1w&edm=AKmAybEBAAAA&ccb=7-5&oh=00_AYEfG5luteKNzzW48VYGBk4uCp3Eb1pfds3Buy0BBrGpHw&oe=67EE8BA4&_nc_sid=99328a","false","false","https://www.instagram.com/greatbigtrivia"
"11194818234","11194818234","theaulddublinermiami","David J. Higgins","https://scontent-fra3-1.cdninstagram.com/v/t51.2885-19/449761370_720162383524201_3381197074715589996_n.jpg?stp=dst-jpg_e0_s150x150_tt6&_nc_ht=scontent-fra3-1.cdninstagram.com&_nc_cat=101&_nc_oc=Q6cZ2QFCrq_MzXrC9sYecWZau1Dy0u7a56ECyOiQdCukyjeHkKUqfwPeomcDNUO4jr8EIbM&_nc_ohc=WuMCd-pr7dUQ7kNvgHqoGXe&_nc_gid=z_v17PO0H6HXGuX7D5OHEQ&edm=AKmAybEBAAAA&ccb=7-5&oh=00_AYEPSfc0DBsmjZvHNpdQjDSKwPQ5iqCAHnrEQYOuRetEZg&oe=67EE89D0&_nc_sid=99328a","false","false","https://www.instagram.com/theaulddublinermiami"
"3264797659","3264797659","craftrockgirl","🤘🏻CRAFT-ROCK GIRL🍻","https://scontent-fra5-1.cdninstagram.com/v/t51.2885-19/479390244_1074170184464748_6446052478035355710_n.jpg?stp=dst-jpg_e0_s150x150_tt6&_nc_ht=scontent-fra5-1.cdninstagram.com&_nc_cat=100&_nc_oc=Q6cZ2QFCrq_MzXrC9sYecWZau1Dy0u7a56ECyOiQdCukyjeHkKUqfwPeomcDNUO4jr8EIbM&_nc_ohc=XDROVb3KjMIQ7kNvgGSBZfG&_nc_gid=z_v17PO0H6HXGuX7D5OHEQ&edm=AKmAybEBAAAA&ccb=7-5&oh=00_AYH3sxImVwDVFu3RHq_dnRu6KVFQT7T5qKvLFxZBsMSR2w&oe=67EE8468&_nc_sid=99328a","false","false","https://www.instagram.com/craftrockgirl"
"6246474596","6246474596","miamimediationgroup","Miami Mediation Group","https://scontent-fra3-1.cdninstagram.com/v/t51.2885-19/184924365_496032871841583_417787684891459953_n.jpg?stp=dst-jpg_e0_s150x150_tt6&_nc_ht=scontent-fra3-1.cdninstagram.com&_nc_cat=103&_nc_oc=Q6cZ2QFCrq_MzXrC9sYecWZau1Dy0u7a56ECyOiQdCukyjeHkKUqfwPeomcDNUO4jr8EIbM&_nc_ohc=yx4WYOIa5QoQ7kNvgGHQp2K&_nc_gid=z_v17PO0H6HXGuX7D5OHEQ&edm=AKmAybEBAAAA&ccb=7-5&oh=00_AYHimYnN8nDBLRZxd4Gu6wiq3n4xdC-1Kl4xLTeOFdnriw&oe=67EE9A2A&_nc_sid=99328a","false","false","https://www.instagram.com/miamimediationgroup"
"58200968612","58200968612","charcuterie_boards_by_stacy","Stacy Gober","https://scontent-fra5-2.cdninstagram.com/v/t51.2885-19/330341397_1161431747892798_5759036012370561251_n.jpg?stp=dst-jpg_e0_s150x150_tt6&_nc_ht=scontent-fra5-2.cdninstagram.com&_nc_cat=106&_nc_oc=Q6cZ2QFCrq_MzXrC9sYecWZau1Dy0u7a56ECyOiQdCukyjeHkKUqfwPeomcDNUO4jr8EIbM&_nc_ohc=jO4wCczNKjgQ7kNvgEL71Hu&_nc_gid=z_v17PO0H6HXGuX7D5OHEQ&edm=AKmAybEBAAAA&ccb=7-5&oh=00_AYEZtNnn189pKsabxWObnTAHm8-o_-5yiXtqgXNDJnXeNQ&oe=67EE8537&_nc_sid=99328a","false","false","https://www.instagram.com/charcuterie_boards_by_stacy"
"33220871","33220871","hectorgrass_","Hector Grass","https://scontent-fra5-2.cdninstagram.com/v/t51.2885-19/458775834_879484424098051_3597263452830881864_n.jpg?stp=dst-jpg_e0_s150x150_tt6&_nc_ht=scontent-fra5-2.cdninstagram.com&_nc_cat=107&_nc_oc=Q6cZ2QFCrq_MzXrC9sYecWZau1Dy0u7a56ECyOiQdCukyjeHkKUqfwPeomcDNUO4jr8EIbM&_nc_ohc=Ugu1SjOAJYgQ7kNvgEbC73Z&_nc_gid=z_v17PO0H6HXGuX7D5OHEQ&edm=AKmAybEBAAAA&ccb=7-5&oh=00_AYHiJVoqy9CKLC_An4snNavgfM8kr3Tw4rPo8Dc8X9-v8w&oe=67EE7A12&_nc_sid=99328a","false","false","https://www.instagram.com/hectorgrass_"
"5433886882","5433886882","patlivnat","Pat Livnat","https://scontent-fra3-2.cdninstagram.com/v/t51.2885-19/276324121_737208510599327_3323316918061753075_n.jpg?stp=dst-jpg_e0_s150x150_tt6&_nc_ht=scontent-fra3-2.cdninstagram.com&_nc_cat=111&_nc_oc=Q6cZ2QFCrq_MzXrC9sYecWZau1Dy0u7a56ECyOiQdCukyjeHkKUqfwPeomcDNUO4jr8EIbM&_nc_ohc=ihteKxkWqSEQ7kNvgFfCI6h&_nc_gid=z_v17PO0H6HXGuX7D5OHEQ&edm=AKmAybEBAAAA&ccb=7-5&oh=00_AYFO5mvTTusRoocKthp1x2c1kkYnxw0nlWB8XxY1KKkUqA&oe=67EE8B30&_nc_sid=99328a","false","false","https://www.instagram.com/patlivnat"
"221935721","221935721","mojomike001","Michael Rasch","https://scontent-fra5-2.cdninstagram.com/v/t51.2885-19/431684705_7283921178362589_504117951758534813_n.jpg?stp=dst-jpg_e0_s150x150_tt6&_nc_ht=scontent-fra5-2.cdninstagram.com&_nc_cat=109&_nc_oc=Q6cZ2QFCrq_MzXrC9sYecWZau1Dy0u7a56ECyOiQdCukyjeHkKUqfwPeomcDNUO4jr8EIbM&_nc_ohc=_nl-jUIYyUYQ7kNvgHSC63_&_nc_gid=z_v17PO0H6HXGuX7D5OHEQ&edm=AKmAybEBAAAA&ccb=7-5&oh=00_AYF_JJEih7fH6Ow1dPd4kC3nGukW5d4KBhL7CzM9aue_lA&oe=67EEA409&_nc_sid=99328a","false","false","https://www.instagram.com/mojomike001"
"54522082744","54522082744","corneredfl","Cornered Florida Hardcore","https://scontent-fra5-2.cdninstagram.com/v/t51.2885-19/466924487_1231082691488562_136406712553726412_n.jpg?stp=dst-jpg_e0_s150x150_tt6&_nc_ht=scontent-fra5-2.cdninstagram.com&_nc_cat=106&_nc_oc=Q6cZ2QFCrq_MzXrC9sYecWZau1Dy0u7a56ECyOiQdCukyjeHkKUqfwPeomcDNUO4jr8EIbM&_nc_ohc=ruHUOD85lh4Q7kNvgHqrvAT&_nc_gid=z_v17PO0H6HXGuX7D5OHEQ&edm=AKmAybEBAAAA&ccb=7-5&oh=00_AYFBUFykOZ3E0x2vmjeFmOY7JEpMDYmBmpsY5fuaxpLUCg&oe=67EE7B19&_nc_sid=99328a","false","false","https://www.instagram.com/corneredfl"
"65197082378","65197082378","classicsteelproductions","Classic Steel Inc.","https://scontent-fra3-1.cdninstagram.com/v/t51.2885-19/431727220_25895128430085997_4760922991062212492_n.jpg?stp=dst-jpg_e0_s150x150_tt6&_nc_ht=scontent-fra3-1.cdninstagram.com&_nc_cat=101&_nc_oc=Q6cZ2QFCrq_MzXrC9sYecWZau1Dy0u7a56ECyOiQdCukyjeHkKUqfwPeomcDNUO4jr8EIbM&_nc_ohc=SZtX64EPo5YQ7kNvgEtMSN0&_nc_gid=z_v17PO0H6HXGuX7D5OHEQ&edm=AKmAybEBAAAA&ccb=7-5&oh=00_AYFUZYAEUV44en7U-EL8_3avDaVbgPss-s4p32UNuHgXqA&oe=67EE9D8A&_nc_sid=99328a","false","false","https://www.instagram.com/classicsteelproductions"
"5058522","5058522","humanfluidrot","Robert Wilson Brantley III","https://scontent-fra3-1.cdninstagram.com/v/t51.2885-19/466154079_1738038796930275_7074224147051040757_n.jpg?stp=dst-jpg_e0_s150x150_tt6&_nc_ht=scontent-fra3-1.cdninstagram.com&_nc_cat=103&_nc_oc=Q6cZ2QFCrq_MzXrC9sYecWZau1Dy0u7a56ECyOiQdCukyjeHkKUqfwPeomcDNUO4jr8EIbM&_nc_ohc=2BhVCu7MyCoQ7kNvgGEh_-w&_nc_gid=z_v17PO0H6HXGuX7D5OHEQ&edm=AKmAybEBAAAA&ccb=7-5&oh=00_AYHkDuCkfKMqFnBrt__GfRX7wIyC9chCXaRc9w3ziaRABg&oe=67EE8115&_nc_sid=99328a","false","false","https://www.instagram.com/humanfluidrot"
"65879316802","65879316802","failedattempthxc","Failed Attempt","https://scontent-fra5-2.cdninstagram.com/v/t51.2885-19/482157620_613974504607207_6175009351039852757_n.jpg?stp=dst-jpg_e0_s150x150_tt6&_nc_ht=scontent-fra5-2.cdninstagram.com&_nc_cat=107&_nc_oc=Q6cZ2QFCrq_MzXrC9sYecWZau1Dy0u7a56ECyOiQdCukyjeHkKUqfwPeomcDNUO4jr8EIbM&_nc_ohc=HBKkWqgf-KsQ7kNvgG2tJ8F&_nc_gid=z_v17PO0H6HXGuX7D5OHEQ&edm=AKmAybEBAAAA&ccb=7-5&oh=00_AYHqYASYfuWf_C2GZ9pUd75KteFDKArRNJQxiCyxVwAkDg&oe=67EE878E&_nc_sid=99328a","false","false","https://www.instagram.com/failedattempthxc"
"56029117520","56029117520","outoftheashesrocks","Out of the Ashes","https://scontent-fra3-1.cdninstagram.com/v/t51.2885-19/372653864_270590729232704_1478542837993883397_n.jpg?stp=dst-jpg_e0_s150x150_tt6&_nc_ht=scontent-fra3-1.cdninstagram.com&_nc_cat=108&_nc_oc=Q6cZ2QFCrq_MzXrC9sYecWZau1Dy0u7a56ECyOiQdCukyjeHkKUqfwPeomcDNUO4jr8EIbM&_nc_ohc=m6BHA6JpPbYQ7kNvgHECPNs&_nc_gid=z_v17PO0H6HXGuX7D5OHEQ&edm=AKmAybEBAAAA&ccb=7-5&oh=00_AYHU5LRw1mYWqK7qLngjnwu8ehYISd_Ffv0RFlyeSXlJwg&oe=67EE9BB3&_nc_sid=99328a","false","false","https://www.instagram.com/outoftheashesrocks"
"7347220599","7347220599","dane_12k","dane","https://scontent-fra3-1.cdninstagram.com/v/t51.2885-19/483464102_9298494096902463_7859513510581502273_n.jpg?stp=dst-jpg_e0_s150x150_tt6&_nc_ht=scontent-fra3-1.cdninstagram.com&_nc_cat=103&_nc_oc=Q6cZ2QFCrq_MzXrC9sYecWZau1Dy0u7a56ECyOiQdCukyjeHkKUqfwPeomcDNUO4jr8EIbM&_nc_ohc=f55Qt7ne9kYQ7kNvgHCeb1W&_nc_gid=z_v17PO0H6HXGuX7D5OHEQ&edm=AKmAybEBAAAA&ccb=7-5&oh=00_AYFSH8JqJ6KH3hq1t7W_ylflsMgJkJuNInSHZB5Yp5BrXg&oe=67EE9C0C&_nc_sid=99328a","false","false","https://www.instagram.com/dane_12k"
"54060971136","54060971136","killcider","cider 📸","https://scontent-fra3-1.cdninstagram.com/v/t51.2885-19/363812705_1277675613116295_3992514306113047246_n.jpg?stp=dst-jpg_e0_s150x150_tt6&_nc_ht=scontent-fra3-1.cdninstagram.com&_nc_cat=103&_nc_oc=Q6cZ2QFCrq_MzXrC9sYecWZau1Dy0u7a56ECyOiQdCukyjeHkKUqfwPeomcDNUO4jr8EIbM&_nc_ohc=WIdenR7f7moQ7kNvgFZ7lhZ&_nc_gid=z_v17PO0H6HXGuX7D5OHEQ&edm=AKmAybEBAAAA&ccb=7-5&oh=00_AYEpzEsY32d9ocZmH_yUhyp_mpRTTlJETqxT5Cthq7rXDA&oe=67EE9FE7&_nc_sid=99328a","false","false","https://www.instagram.com/killcider"
"54203145442","54203145442","popperz.htx","Popperz","https://scontent-fra5-2.cdninstagram.com/v/t51.2885-19/457412155_963828322181010_3442601306588258089_n.jpg?stp=dst-jpg_e0_s150x150_tt6&_nc_ht=scontent-fra5-2.cdninstagram.com&_nc_cat=106&_nc_oc=Q6cZ2QFCrq_MzXrC9sYecWZau1Dy0u7a56ECyOiQdCukyjeHkKUqfwPeomcDNUO4jr8EIbM&_nc_ohc=0w9NAncyIKoQ7kNvgH-k4Rj&_nc_gid=z_v17PO0H6HXGuX7D5OHEQ&edm=AKmAybEBAAAA&ccb=7-5&oh=00_AYFNl_fJyH2ifAldpJ-jB31E8u3Eb0u6SLP1wvmX1yPybQ&oe=67EEA5DC&_nc_sid=99328a","false","false","https://www.instagram.com/popperz.htx"
"346929106","346929106","mariaserritellaanton","Maria Serritella Anton","https://scontent-fra5-1.cdninstagram.com/v/t51.2885-19/348660103_6255799281179722_7919361356420754388_n.jpg?stp=dst-jpg_e0_s150x150_tt6&_nc_ht=scontent-fra5-1.cdninstagram.com&_nc_cat=110&_nc_oc=Q6cZ2QG6LnogvCQ8YWd3h8wZiHAK785jG4MlxbP5MvohkoZEfQRhCR7FBaR_4PaiCZNI2aw&_nc_ohc=Z9jeN2Uf6gIQ7kNvgHycLJH&_nc_gid=s0u0V-3Nil4oOyySI7Nbeg&edm=AKmAybEBAAAA&ccb=7-5&oh=00_AYGih2NpFJCbRdukUzOY0PauGk_3yABHuFY0Y15eSXDJ4Q&oe=67EEA300&_nc_sid=99328a","false","false","https://www.instagram.com/mariaserritellaanton"
"6928890972","6928890972","kitchenvomitrecords","Kitchen Vomit","https://scontent-fra5-1.cdninstagram.com/v/t51.2885-19/71325148_906748193038680_1862862530435612672_n.jpg?stp=dst-jpg_e0_s150x150_tt6&_nc_ht=scontent-fra5-1.cdninstagram.com&_nc_cat=100&_nc_oc=Q6cZ2QG6LnogvCQ8YWd3h8wZiHAK785jG4MlxbP5MvohkoZEfQRhCR7FBaR_4PaiCZNI2aw&_nc_ohc=vBxBmPi5EGEQ7kNvgGvuftJ&_nc_gid=s0u0V-3Nil4oOyySI7Nbeg&edm=AKmAybEBAAAA&ccb=7-5&oh=00_AYEArq3Ml-qi2l7czp3GWm1N8cWtq0V0ablbgMZWjGR2dw&oe=67EE9DDD&_nc_sid=99328a","false","false","https://www.instagram.com/kitchenvomitrecords"
"48771649790","48771649790","thescreamqueenslive","Berlin 🖤","https://scontent-fra5-1.cdninstagram.com/v/t51.2885-19/436308000_408240828605918_8135433673814254398_n.jpg?stp=dst-jpg_e0_s150x150_tt6&_nc_ht=scontent-fra5-1.cdninstagram.com&_nc_cat=102&_nc_oc=Q6cZ2QG6LnogvCQ8YWd3h8wZiHAK785jG4MlxbP5MvohkoZEfQRhCR7FBaR_4PaiCZNI2aw&_nc_ohc=Ra9t5M4MYYMQ7kNvgEt-YuA&_nc_gid=s0u0V-3Nil4oOyySI7Nbeg&edm=AKmAybEBAAAA&ccb=7-5&oh=00_AYFyyCvIgL5ZAMChcpQN9zcps47kAoFvMOexKKcMu_duEw&oe=67EE84AE&_nc_sid=99328a","false","false","https://www.instagram.com/thescreamqueenslive"
"5647859307","5647859307","chrish1966","Chris","https://scontent-fra5-1.cdninstagram.com/v/t51.2885-19/66393293_1389901947840242_2992793186776121344_n.jpg?stp=dst-jpg_e0_s150x150_tt6&_nc_ht=scontent-fra5-1.cdninstagram.com&_nc_cat=102&_nc_oc=Q6cZ2QG6LnogvCQ8YWd3h8wZiHAK785jG4MlxbP5MvohkoZEfQRhCR7FBaR_4PaiCZNI2aw&_nc_ohc=xu3M0V1PNBIQ7kNvgEBWjM6&_nc_gid=s0u0V-3Nil4oOyySI7Nbeg&edm=AKmAybEBAAAA&ccb=7-5&oh=00_AYFrB5QG9XJKRjq76Ll57oSQ-2-Dy5ts0XQ6TNUYcwiRwg&oe=67EE9072&_nc_sid=99328a","false","false","https://www.instagram.com/chrish1966"
"314248188","314248188","tskullz72","Tara","https://scontent-fra5-2.cdninstagram.com/v/t51.2885-19/10724251_1497644623835203_1371069953_a.jpg?stp=dst-jpg_e0_s150x150_tt6&_nc_ht=scontent-fra5-2.cdninstagram.com&_nc_cat=107&_nc_oc=Q6cZ2QG6LnogvCQ8YWd3h8wZiHAK785jG4MlxbP5MvohkoZEfQRhCR7FBaR_4PaiCZNI2aw&_nc_ohc=ub04VkJpHqIQ7kNvgFykrzq&_nc_gid=s0u0V-3Nil4oOyySI7Nbeg&edm=AKmAybEBAAAA&ccb=7-5&oh=00_AYEMao-s974j_yevF1K0ztE6ynNMdQSR2oiVA2Nx56bx9w&oe=67EEAD00&_nc_sid=99328a","false","false","https://www.instagram.com/tskullz72"
"1476424275","1476424275","d.saenz","Diana Saenz","https://scontent-fra3-2.cdninstagram.com/v/t51.2885-19/10597279_1474353102815176_828680176_a.jpg?stp=dst-jpg_e0_s150x150_tt6&_nc_ht=scontent-fra3-2.cdninstagram.com&_nc_cat=104&_nc_oc=Q6cZ2QG6LnogvCQ8YWd3h8wZiHAK785jG4MlxbP5MvohkoZEfQRhCR7FBaR_4PaiCZNI2aw&_nc_ohc=tmFWdgv2peoQ7kNvgFv-2qf&_nc_gid=s0u0V-3Nil4oOyySI7Nbeg&edm=AKmAybEBAAAA&ccb=7-5&oh=00_AYHvWrdxgGg6N7_JnRTZvWM0MgYh1_tL2ruiwQis4qYLfw&oe=67EE8FED&_nc_sid=99328a","false","false","https://www.instagram.com/d.saenz"
"5673153929","5673153929","pinto_bobby","Bobby Pinto","https://scontent-fra5-2.cdninstagram.com/v/t51.2885-19/241313365_540238163759502_7079906584164839933_n.jpg?stp=dst-jpg_e0_s150x150_tt6&_nc_ht=scontent-fra5-2.cdninstagram.com&_nc_cat=106&_nc_oc=Q6cZ2QG6LnogvCQ8YWd3h8wZiHAK785jG4MlxbP5MvohkoZEfQRhCR7FBaR_4PaiCZNI2aw&_nc_ohc=q9z44-89N30Q7kNvgFia0ZF&_nc_gid=s0u0V-3Nil4oOyySI7Nbeg&edm=AKmAybEBAAAA&ccb=7-5&oh=00_AYGn7aJWHw-aJCl47dSUKjZ-zp6NbpqR5GlHAppy-kxi2A&oe=67EE9092&_nc_sid=99328a","false","false","https://www.instagram.com/pinto_bobby"
"63891617476","63891617476","salledenizefencing","Salle Denizé","https://scontent-fra3-1.cdninstagram.com/v/t51.2885-19/410445595_1275667923105536_7078852872213393061_n.jpg?stp=dst-jpg_e0_s150x150_tt6&_nc_ht=scontent-fra3-1.cdninstagram.com&_nc_cat=108&_nc_oc=Q6cZ2QG6LnogvCQ8YWd3h8wZiHAK785jG4MlxbP5MvohkoZEfQRhCR7FBaR_4PaiCZNI2aw&_nc_ohc=sUsxl4m3jQ0Q7kNvgFA6jLE&_nc_gid=s0u0V-3Nil4oOyySI7Nbeg&edm=AKmAybEBAAAA&ccb=7-5&oh=00_AYEx_sFQeij3ytJocjuyxDI-5e4ZYiqNtMVD7gtGZHmtbA&oe=67EE88C6&_nc_sid=99328a","false","false","https://www.instagram.com/salledenizefencing"